<?xml version="1.0" encoding="utf-8"?>
<extension type="module" client="site" method="upgrade">
    <name>mod_twitter_feeds</name>
    <author>Rishabh Ranjan Jha</author>
    <creationDate>August 2021</creationDate>
    <copyright>(C) 2021 Rishabh Ranjan Jha</copyright>
    <license>GNU General Public License version 2 or later; see LICENSE.txt</license>
    <authorEmail>rpextensions@gmail.com</authorEmail>
    <version>1.0.0</version>
    <description>MOD_TWITTER_FEEDS_XML_DESCRIPTION</description>
    <files>
        <filename module="mod_twitter_feeds">mod_twitter_feeds.php</filename>
        <filename>helper.php</filename>
    </files>
    <languages>
		<language tag="en-GB">language/en-GB/en-GB.mod_twitter_feeds.ini</language>
		<language tag="en-GB">language/en-GB/en-GB.mod_twitter_feeds.sys.ini</language>
	</languages>
    <config>
        <fields name="params">
            <fieldset name="basic">
                <field
                    name="url"
                    type="url"
                    label="MOD_TWITTER_FEEDS_FIELD_URL_LABEL"
                    description="MOD_TWITTER_FEEDS_FIELD_URL_DESC"
                    default="https://twitter.com/joomla"
                    filter="url"
                    validate="url"
                />

                <field
                    name="height"
                    type="list"
                    label="MOD_TWITTER_FEEDS_FIELD_HEIGHT_LABEL"
                    default="0"
                    >
                    <option value="0">MOD_TWITTER_FEEDS_FIELD_HEIGHT_OPTION_HEIGHT</option>
                    <option value="1">MOD_TWITTER_FEEDS_FIELD_HEIGHT_OPTION_TWEETS</option>
                </field>

                <field
                    name="maxheight"
                    type="text"
                    min="200"
                    label="MOD_TWITTER_FEEDS_FIELD_MAX_HEIGHT_LABEL"
                    description="MOD_TWITTER_FEEDS_FIELD_MAX_HEIGHT_DESC"
                    default="600"
                    filter="integer"
                    validate="number"
                    showon="height:0"
                />

                <field
                    name="limit"
                    type="text"
                    min="1"
                    max="20"
                    label="MOD_TWITTER_FEEDS_FIELD_MAX_TWEETS_LABEL"
                    description="MOD_TWITTER_FEEDS_FIELD_MAX_TWEETS_DESC"
                    default="6"
                    filter="integer"
                    validate="number"
                    showon="height:1"
                />

                <field
                    name="maxwidth"
                    type="text"
                    min="180"
                    max="1200"
                    label="MOD_TWITTER_FEEDS_FIELD_MAX_WIDTH_LABEL"
                    description="MOD_TWITTER_FEEDS_FIELD_MAX_WIDTH_DESC"
                    default="400"
                    filter="integer"
                    validate="number"
                />

                <field
                    name="theme"
                    type="list"
                    label="MOD_TWITTER_FEEDS_FIELD_THEME_LABEL"
                    description="MOD_TWITTER_FEEDS_FIELD_THEME_DESC"
                    default="light"
                    >
                    <option value="light">Light</option>
                    <option value="dark">Dark</option>
                </field>

                <field
                    name="lang"
                    type="list"
                    label="MOD_TWITTER_FEEDS_FIELD_LANG_LABEL"
                    description="MOD_TWITTER_FEEDS_FIELD_LANG_DESC"
                    default="en"
                    >
                    <option value="en">MOD_TWITTER_FEEDS_FIELD_LANG_OPTION_ENGLISH</option>
                    <option value="ar">MOD_TWITTER_FEEDS_FIELD_LANG_OPTION_ARABIC</option>
                    <option value="bn">MOD_TWITTER_FEEDS_FIELD_LANG_OPTION_BENGALI</option>
                    <option value="cs">MOD_TWITTER_FEEDS_FIELD_LANG_OPTION_CZECH</option>
                    <option value="da">MOD_TWITTER_FEEDS_FIELD_LANG_OPTION_DANISH</option>
                    <option value="de">MOD_TWITTER_FEEDS_FIELD_LANG_OPTION_GERMAN</option>
                    <option value="el">MOD_TWITTER_FEEDS_FIELD_LANG_OPTION_GREEK</option>
                    <option value="es">MOD_TWITTER_FEEDS_FIELD_LANG_OPTION_SPANISH</option>
                    <option value="fa">MOD_TWITTER_FEEDS_FIELD_LANG_OPTION_PERSIAN</option>
                    <option value="fi">MOD_TWITTER_FEEDS_FIELD_LANG_OPTION_FINNISH</option>
                    <option value="fil">MOD_TWITTER_FEEDS_FIELD_LANG_OPTION_FILIPINO</option>
                    <option value="fr">MOD_TWITTER_FEEDS_FIELD_LANG_OPTION_FRENCH</option>
                    <option value="he">MOD_TWITTER_FEEDS_FIELD_LANG_OPTION_HEBREW</option>
                    <option value="hi">MOD_TWITTER_FEEDS_FIELD_LANG_OPTION_HINDI</option>
                    <option value="hu">MOD_TWITTER_FEEDS_FIELD_LANG_OPTION_HUNGARIAN</option>
                    <option value="id">MOD_TWITTER_FEEDS_FIELD_LANG_OPTION_INDONESIAN</option>
                    <option value="it">MOD_TWITTER_FEEDS_FIELD_LANG_OPTION_ITALIAN</option>
                    <option value="ja">MOD_TWITTER_FEEDS_FIELD_LANG_OPTION_JAPANESE</option>
                    <option value="ko">MOD_TWITTER_FEEDS_FIELD_LANG_OPTION_KOREAN</option>
                    <option value="msa">MOD_TWITTER_FEEDS_FIELD_LANG_OPTION_MALAY</option>
                    <option value="nl">MOD_TWITTER_FEEDS_FIELD_LANG_OPTION_DUTCH</option>
                    <option value="no">MOD_TWITTER_FEEDS_FIELD_LANG_OPTION_NORWEGIAN</option>
                    <option value="pl">MOD_TWITTER_FEEDS_FIELD_LANG_OPTION_POLISH</option>
                    <option value="pt">MOD_TWITTER_FEEDS_FIELD_LANG_OPTION_PORTUGUESE</option>
                    <option value="ro">MOD_TWITTER_FEEDS_FIELD_LANG_OPTION_ROMANIAN</option>
                    <option value="ru">MOD_TWITTER_FEEDS_FIELD_LANG_OPTION_RUSSIAN</option>
                    <option value="sv">MOD_TWITTER_FEEDS_FIELD_LANG_OPTION_SWEDISH</option>
                    <option value="th">MOD_TWITTER_FEEDS_FIELD_LANG_OPTION_THAI</option>
                    <option value="tr">MOD_TWITTER_FEEDS_FIELD_LANG_OPTION_TURKISH</option>
                    <option value="uk">MOD_TWITTER_FEEDS_FIELD_LANG_OPTION_UKRAINIAN</option>
                    <option value="ur">MOD_TWITTER_FEEDS_FIELD_LANG_OPTION_URDU</option>
                    <option value="vi">MOD_TWITTER_FEEDS_FIELD_LANG_OPTION_VIETNAMESE</option>
                    <option value="zh-cn">MOD_TWITTER_FEEDS_FIELD_LANG_OPTION_CHINESE_SIMPLIFIED</option>
                    <option value="zh-tw">MOD_TWITTER_FEEDS_FIELD_LANG_OPTION_CHINESE_TRADITIONAL</option>
                </field>

                <field
                    name="header"
                    type="radio"
                    label="MOD_TWITTER_FEEDS_FIELD_HEADER_LABEL"
                    class="btn-group btn-group-yesno"
                    description="MOD_TWITTER_FEEDS_FIELD_HEADER_DESC"
                    default="1"
                    >
                    <option value="0">JHide</option>
                    <option value="1">JShow</option>
                </field>

                <field
                    name="footer"
                    type="radio"
                    label="MOD_TWITTER_FEEDS_FIELD_FOOTER_LABEL"
                    class="btn-group btn-group-yesno"
                    description="MOD_TWITTER_FEEDS_FIELD_FOOTER_DESC"
                    default="1"
                    >
                    <option value="0">JHide</option>
                    <option value="1">JShow</option>
                </field>

                <field
                    name="borders"
                    type="radio"
                    label="MOD_TWITTER_FEEDS_FIELD_BORDERS_LABEL"
                    class="btn-group btn-group-yesno"
                    description="MOD_TWITTER_FEEDS_FIELD_BORDERS_DESC"
                    default="0"
                    >
                    <option value="0">JHide</option>
                    <option value="1">JShow</option>
                </field>

                <field
                    name="border_color"
                    type="color"
                    label="MOD_TWITTER_FEEDS_FIELD_BORDER_COLOR_LABEL"
                    description="MOD_TWITTER_FEEDS_FIELD_BORDER_COLOR_DESC"
                    default="#30638d"
                    showon="borders:1"
                />

                <field
                    name="scrollbar"
                    type="radio"
                    label="MOD_TWITTER_FEEDS_FIELD_SCROLLBAR_LABEL"
                    class="btn-group btn-group-yesno"
                    description="MOD_TWITTER_FEEDS_FIELD_SCROLLBAR_DESC"
                    default="0"
                    showon="height:0"
                    >
                    <option value="0">JHide</option>
                    <option value="1">JShow</option>
                </field>

                <field
                    name="dnt"
                    type="radio"
                    label="MOD_TWITTER_FEEDS_FIELD_DNT_LABEL"
                    class="btn-group btn-group-yesno"
                    description="MOD_TWITTER_FEEDS_FIELD_DNT_DESC"
                    default="true"
                    >
                    <option value="false">False</option>
                    <option value="true">True</option>
                </field>
            </fieldset>
        </fields>
    </config>

    <updateservers>
        <server type="extension" priority="1" name="RP Twitter Feeds Updates">https://raw.githubusercontent.com/rpextensions/twitter-feeds-joomla/master/update.xml</server>
    </updateservers>

</extension>
